"","nsource","saddr","domain","daddr","description","file","saddr.num","daddr.num"
"677","desiregarden.net","64.95.103.180","ns1.desiregarden.net|ns2.desiregarden.net|ns3.desiregarden.net|ns4.desiregarden.net","34.229.84.179|34.230.76.81|54.227.204.233|184.73.137.229","Master Indicator Feed for suppobox non-sinkholed domains","http://osint.bambenekconsulting.com/manual/suppobox.txt",1079994292,0
"76","saramen.com","133.242.195.32","ns1.value-domain.com|ns2.value-domain.com","54.64.110.166|54.65.150.1","Master Indicator Feed for banjori non-sinkholed domains","http://osint.bambenekconsulting.com/manual/banjori.txt",2247279392,0
"234","ianbha.com","143.95.79.234","dns2.site5.com|dns.site5.com","108.174.149.181|162.210.50.254","Master Indicator Feed for nymaim non-sinkholed domains","http://osint.bambenekconsulting.com/manual/nymaim.txt",2405388266,0
"714","theirinto.net","35.225.160.245","ns1.dynadot.com|ns2.dynadot.com","52.26.28.15|52.34.35.173|52.35.76.183|52.36.53.176|52.71.195.14|52.72.130.79|52.72.200.98|52.73.101.236","Master Indicator Feed for suppobox non-sinkholed domains","http://osint.bambenekconsulting.com/manual/suppobox.txt",601989365,0
"150","fkunqainonwy.com","198.54.117.197|198.54.117.198|198.54.117.199|198.54.117.200","dns101.registrar-servers.com|dns102.registrar-servers.com","198.54.117.253|198.54.117.254","Master Indicator Feed for kraken non-sinkholed domains","http://osint.bambenekconsulting.com/manual/kraken.txt",0,0
"663","mtmwntiwmtka.info","35.225.160.245","ns1.dynadot.com|ns2.dynadot.com","52.26.28.15|52.34.35.173|52.35.76.183|52.36.53.176|52.71.195.14|52.72.130.79|52.72.200.98|52.73.101.236","Master Indicator Feed for sisron non-sinkholed domains","http://osint.bambenekconsulting.com/manual/sisron.txt",601989365,0
"100","wwwomen.com","192.169.243.26","ns51.domaincontrol.com|ns52.domaincontrol.com","97.74.105.26|173.201.73.26","Master Indicator Feed for banjori non-sinkholed domains","http://osint.bambenekconsulting.com/manual/banjori.txt",3232363290,0
"356","irjeljgwfiaokbkcxnh.com","46.165.254.200","dns1.registrar-servers.com|dns2.registrar-servers.com","216.87.152.33|216.87.155.33","Master Indicator Feed for ramnit non-sinkholed domains","http://osint.bambenekconsulting.com/manual/ramnit.txt",782630600,0
"123","ljclznepckg4b.com","173.231.184.57","ns1.ljclznepckg4b.com|ns2.ljclznepckg4b.com|ns3.ljclznepckg4b.com|ns4.ljclznepckg4b.com","34.229.84.179|34.230.76.81|54.227.204.233|184.73.137.229","Master Indicator Feed for bedep non-sinkholed domains","http://osint.bambenekconsulting.com/manual/bedep.txt",2917644345,0
"194","cxenojynkrqxgkr.com","67.223.15.208","nsgbr.comlaude.co.uk|nssui.comlaude.ch|nsusa.comlaude.net","64.147.99.10|193.193.167.97|212.95.244.211","Master Indicator Feed for necurs non-sinkholed domains","http://osint.bambenekconsulting.com/manual/necurs.txt",1138692048,0
"670","buildingmarket.net","217.160.0.3","ns1117.ui-dns.biz|ns1117.ui-dns.com|ns1117.ui-dns.de|ns1117.ui-dns.org","217.160.80.117|217.160.81.117|217.160.82.117|217.160.83.117","Master Indicator Feed for suppobox non-sinkholed domains","http://osint.bambenekconsulting.com/manual/suppobox.txt",3651141635,0
"321","dmdxsuxvlywxtlswclf.com","217.20.116.133","dns1.registrar-servers.com|dns2.registrar-servers.com","216.87.152.33|216.87.155.33","Master Indicator Feed for ramnit non-sinkholed domains","http://osint.bambenekconsulting.com/manual/ramnit.txt",3641996421,0
"682","doublebeauty.net","146.185.137.127","ns1.metaregistrar.nl|ns2.metaregistrar.nl","81.4.97.217|188.93.146.42","Master Indicator Feed for suppobox non-sinkholed domains","http://osint.bambenekconsulting.com/manual/suppobox.txt",2461632895,0
"576","makun.eu","81.169.145.161","docks04.rzone.de|shades12.rzone.de","81.169.146.14|85.214.0.242","Master Indicator Feed for simda non-sinkholed domains","http://osint.bambenekconsulting.com/manual/simda.txt",1370067361,0
"590","masol.eu","81.169.145.94","docks17.rzone.de|shades07.rzone.de","81.169.146.27|85.214.0.237","Master Indicator Feed for simda non-sinkholed domains","http://osint.bambenekconsulting.com/manual/simda.txt",1370067294,0
"524","gacynuz.com","178.32.208.147","ns17.domaincontrol.com|ns18.domaincontrol.com","97.74.108.9|173.201.76.9","Master Indicator Feed for simda non-sinkholed domains","http://osint.bambenekconsulting.com/manual/simda.txt",2988494995,0
"605","pres.serverhome.com","141.8.230.20","","","Master Indicator Feed for simda non-sinkholed domains","http://osint.bambenekconsulting.com/manual/simda.txt",2366170644,0
"225","ubltyeybcsvg.com","65.167.169.215","nsgbr.comlaude.co.uk|nssui.comlaude.ch|nsusa.comlaude.net","64.147.99.10|193.193.167.97|212.95.244.211","Master Indicator Feed for necurs non-sinkholed domains","http://osint.bambenekconsulting.com/manual/necurs.txt",1101507031,0
"347","hghipyrq.com","45.227.252.56","ns1.topdns.me|ns2.topdns.me|ns3.topdns.me","46.229.175.55|88.208.36.16|88.208.5.2","Master Indicator Feed for ramnit non-sinkholed domains","http://osint.bambenekconsulting.com/manual/ramnit.txt",769915960,0
"286","aarbvsrdnhhidhwk.com","46.165.254.214","dns1.registrar-servers.com|dns2.registrar-servers.com","216.87.152.33|216.87.155.33","Master Indicator Feed for ramnit non-sinkholed domains","http://osint.bambenekconsulting.com/manual/ramnit.txt",782630614,0
"214","nkqqqwkjks.com","66.199.186.116","nsgbr.comlaude.co.uk|nssui.comlaude.ch|nsusa.comlaude.net","64.147.99.10|193.193.167.97|212.95.244.211","Master Indicator Feed for necurs non-sinkholed domains","http://osint.bambenekconsulting.com/manual/necurs.txt",1120385652,0
"97","umzumen.com","192.64.119.63","dns1.registrar-servers.com|dns2.registrar-servers.com","216.87.152.33|216.87.155.33","Master Indicator Feed for banjori non-sinkholed domains","http://osint.bambenekconsulting.com/manual/banjori.txt",3225450303,0
"385","ltdgvsxeuuevxxytwxb.com","18.213.250.117|18.215.128.143|52.4.209.250","ns1.dynadot.com|ns2.dynadot.com","52.26.28.15|52.34.35.173|52.35.76.183|52.36.53.176|52.71.195.14|52.72.130.79|52.72.200.98|52.73.101.236","Master Indicator Feed for ramnit non-sinkholed domains","http://osint.bambenekconsulting.com/manual/ramnit.txt",0,0
"170","qpyosxkmcc.yi.org","143.215.15.199","","","Master Indicator Feed for kraken non-sinkholed domains","http://osint.bambenekconsulting.com/manual/kraken.txt",2413236167,0
"428","qhmmkqkk.com","217.20.116.136","dns1.registrar-servers.com|dns2.registrar-servers.com","216.87.152.33|216.87.155.33","Master Indicator Feed for ramnit non-sinkholed domains","http://osint.bambenekconsulting.com/manual/ramnit.txt",3641996424,0
"786","romega.com","216.17.94.183","dns2.intouchit.com|dns3.intouchit.com|dns.intouchit.com","166.78.62.197|208.88.25.123|209.23.245.120","Master Indicator Feed for virut non-sinkholed domains","http://osint.bambenekconsulting.com/manual/virut.txt",3625017015,0
"719","wellside.net","150.95.9.181","dns1.name-services.com|dns2.name-services.com|dns3.name-services.com|dns4.name-services.com|dns5.name-services.com","64.98.151.1|64.98.151.2|98.124.243.1|98.124.243.2|98.124.243.3","Master Indicator Feed for suppobox non-sinkholed domains","http://osint.bambenekconsulting.com/manual/suppobox.txt",2522810805,0
"472","vktkpkqmlufmqwvvu.com","46.165.254.195","dns1.registrar-servers.com|dns2.registrar-servers.com","216.87.152.33|216.87.155.33","Master Indicator Feed for ramnit non-sinkholed domains","http://osint.bambenekconsulting.com/manual/ramnit.txt",782630595,0
"171","qwzsprieo.yi.org","143.215.15.199","","","Master Indicator Feed for kraken non-sinkholed domains","http://osint.bambenekconsulting.com/manual/kraken.txt",2413236167,0
"425","qbpxlqvuvl.com","35.184.193.177","ns1.dynadot.com|ns2.dynadot.com","52.26.28.15|52.34.35.173|52.35.76.183|52.36.53.176|52.71.195.14|52.72.130.79|52.72.200.98|52.73.101.236","Master Indicator Feed for ramnit non-sinkholed domains","http://osint.bambenekconsulting.com/manual/ramnit.txt",599310769,0
"511","dobat.eu","81.169.145.68","docks07.rzone.de|shades17.rzone.de","81.169.146.17|85.214.0.247","Master Indicator Feed for simda non-sinkholed domains","http://osint.bambenekconsulting.com/manual/simda.txt",1370067268,0
"638","vocoret.com","91.121.59.137","ns1.idep.us|ns2.idep.us|ns3.idep.us","46.105.46.145|87.98.158.231|178.32.122.222","Master Indicator Feed for simda non-sinkholed domains","http://osint.bambenekconsulting.com/manual/simda.txt",1534671753,0
"107","ykeymen.com","209.99.40.222","dns10.parkpage.foundationapi.com|dns11.parkpage.foundationapi.com","199.79.61.222|209.99.40.223","Master Indicator Feed for banjori non-sinkholed domains","http://osint.bambenekconsulting.com/manual/banjori.txt",3512936670,0
"130","uirxketrjizciw.com","173.231.184.57","ns1.uirxketrjizciw.com|ns2.uirxketrjizciw.com|ns3.uirxketrjizciw.com|ns4.uirxketrjizciw.com","34.229.84.179|34.230.76.81|54.227.204.233|184.73.137.229","Master Indicator Feed for bedep non-sinkholed domains","http://osint.bambenekconsulting.com/manual/bedep.txt",2917644345,0
"462","ujxhqewoobqrckr.com","72.52.179.175","ns1.dd216.parklogic.com|ns1.parklogic.com|ns2.dd216.parklogic.com|ns2.parklogic.com|ns3.parklogic.com|ns4.parklogic.com|ns5.parklogic.com","69.39.239.55|69.39.239.56|106.186.126.56|173.255.218.70|178.79.134.133","Master Indicator Feed for ramnit non-sinkholed domains","http://osint.bambenekconsulting.com/manual/ramnit.txt",1211413423,0
"552","hapeg.eu","185.66.237.14","ns0.virtglobaldns.de|ns1.virtglobaldns.de|ns2.virtglobaldns.de|ns3.virtglobaldns.de|ns4.virtglobaldns.de","208.80.124.2|208.80.125.2|208.80.126.2|208.80.127.2|208.94.148.2","Master Indicator Feed for simda non-sinkholed domains","http://osint.bambenekconsulting.com/manual/simda.txt",3108171022,0
"302","axswdqnjgrnryt.com","82.112.184.197","dns1.webdrive.ru|dns2.webdrive.ru","109.70.27.117|194.226.96.117","Master Indicator Feed for ramnit non-sinkholed domains","http://osint.bambenekconsulting.com/manual/ramnit.txt",1383119045,0
"421","ppyblaohb.com","206.189.61.126","ns1.dynadot.com|ns2.dynadot.com","52.26.28.15|52.34.35.173|52.35.76.183|52.36.53.176|52.71.195.14|52.72.130.79|52.72.200.98|52.73.101.236","Master Indicator Feed for ramnit non-sinkholed domains","http://osint.bambenekconsulting.com/manual/ramnit.txt",3468508542,0
"727","wintercharge.net","198.54.117.197|198.54.117.198|198.54.117.199|198.54.117.200","dns101.registrar-servers.com|dns102.registrar-servers.com","198.54.117.253|198.54.117.254","Master Indicator Feed for suppobox non-sinkholed domains","http://osint.bambenekconsulting.com/manual/suppobox.txt",0,0
"264","jhvssotnvc.info","35.225.160.245","ns1.dynadot.com|ns2.dynadot.com","52.26.28.15|52.34.35.173|52.35.76.183|52.36.53.176|52.71.195.14|52.72.130.79|52.72.200.98|52.73.101.236","Master Indicator Feed for pykspa non-sinkholed domains","http://osint.bambenekconsulting.com/manual/pykspa.txt",601989365,0
"34","fregmen.com","104.18.56.87|104.18.57.87","darl.ns.cloudflare.com|mia.ns.cloudflare.com","173.245.58.200|173.245.59.98","Master Indicator Feed for banjori non-sinkholed domains","http://osint.bambenekconsulting.com/manual/banjori.txt",0,0
"673","callfull.net","104.27.150.24|104.27.151.24","cortney.ns.cloudflare.com|damon.ns.cloudflare.com","173.245.58.87|173.245.59.96","Master Indicator Feed for suppobox non-sinkholed domains","http://osint.bambenekconsulting.com/manual/suppobox.txt",0,0
"78","satamen.com","180.215.207.111","jm1.dns.com|jm2.dns.com","121.14.154.246|121.14.154.247|121.14.154.248|121.14.154.249|218.98.111.214|218.98.111.215|218.98.111.216|218.98.111.217","Master Indicator Feed for banjori non-sinkholed domains","http://osint.bambenekconsulting.com/manual/banjori.txt",3034042223,0
"668","brokentrain.net","69.163.160.111","ns1.dreamhost.com|ns2.dreamhost.com|ns3.dreamhost.com","64.90.62.230|66.33.205.230|208.97.182.10","Master Indicator Feed for suppobox non-sinkholed domains","http://osint.bambenekconsulting.com/manual/suppobox.txt",1168351343,0
"395","mvdenjiniyvmyrco.click","46.165.254.204","dns1.registrar-servers.com|dns2.registrar-servers.com","216.87.152.33|216.87.155.33","Master Indicator Feed for ramnit non-sinkholed domains","http://osint.bambenekconsulting.com/manual/ramnit.txt",782630604,0
"372","kirtreladiocqmisg.com","217.20.116.139","dns1.registrar-servers.com|dns2.registrar-servers.com","216.87.152.33|216.87.155.33","Master Indicator Feed for ramnit non-sinkholed domains","http://osint.bambenekconsulting.com/manual/ramnit.txt",3641996427,0
"593","nagal.eu","81.2.194.62","ns.forpsi.cz|ns.forpsi.it|ns.forpsi.net","81.2.194.130|81.2.209.185|95.110.254.165","Master Indicator Feed for simda non-sinkholed domains","http://osint.bambenekconsulting.com/manual/simda.txt",1359135294,0
"369","jswjfhumpudlhljnib.com","46.165.220.141","dns1.registrar-servers.com|dns2.registrar-servers.com","216.87.152.33|216.87.155.33","Master Indicator Feed for ramnit non-sinkholed domains","http://osint.bambenekconsulting.com/manual/ramnit.txt",782621837,0
"282","ceigqweqwaywiqgu.org","206.189.61.126","ns1.dynadot.com|ns2.dynadot.com","52.26.28.15|52.34.35.173|52.35.76.183|52.36.53.176|52.71.195.14|52.72.130.79|52.72.200.98|52.73.101.236","Master Indicator Feed for ramdo non-sinkholed domains","http://osint.bambenekconsulting.com/manual/ramdo.txt",3468508542,0
"80","sertmen.com","85.158.203.201","ns3.firstfind.nl|ns4.firstfind.nl|ns5.firstfind.net","5.157.86.222|5.157.87.222|178.128.167.58","Master Indicator Feed for banjori non-sinkholed domains","http://osint.bambenekconsulting.com/manual/banjori.txt",1436470217,0
"412","onaxjbfinflx.com","46.165.254.198","dns1.registrar-servers.com|dns2.registrar-servers.com","216.87.152.33|216.87.155.33","Master Indicator Feed for ramnit non-sinkholed domains","http://osint.bambenekconsulting.com/manual/ramnit.txt",782630598,0
"429","qhvofnudibriut.com","217.20.116.142","dns1.registrar-servers.com|dns2.registrar-servers.com","216.87.152.33|216.87.155.33","Master Indicator Feed for ramnit non-sinkholed domains","http://osint.bambenekconsulting.com/manual/ramnit.txt",3641996430,0
"301","avpsjncogss.com","46.165.221.144","dns1.registrar-servers.com|dns2.registrar-servers.com","216.87.152.33|216.87.155.33","Master Indicator Feed for ramnit non-sinkholed domains","http://osint.bambenekconsulting.com/manual/ramnit.txt",782622096,0
"781","czqiny.com","107.167.12.252","ns3.dnsdun.com|ns3.dnsdun.net|ns5.dnsdun.com|ns5.dnsdun.net","37.221.175.74|59.52.16.250|115.29.198.128|116.1.237.119|118.190.22.155|118.190.22.58|118.190.24.151|122.228.80.247|172.247.254.218|172.247.255.182|172.247.255.187","Master Indicator Feed for virut non-sinkholed domains","http://osint.bambenekconsulting.com/manual/virut.txt",1806109948,0
"447","rxqumvwgdeimlrbl.com","18.213.250.117|18.215.128.143|52.4.209.250","ns1.dynadot.com|ns2.dynadot.com","52.26.28.15|52.34.35.173|52.35.76.183|52.36.53.176|52.71.195.14|52.72.130.79|52.72.200.98|52.73.101.236","Master Indicator Feed for ramnit non-sinkholed domains","http://osint.bambenekconsulting.com/manual/ramnit.txt",0,0
"482","wrfjivmimqajugdqtul.com","46.165.254.205","dns1.registrar-servers.com|dns2.registrar-servers.com","216.87.152.33|216.87.155.33","Master Indicator Feed for ramnit non-sinkholed domains","http://osint.bambenekconsulting.com/manual/ramnit.txt",782630605,0
"305","bftakdpbwltyhe.bid","46.165.254.202","dns1.registrar-servers.com|dns2.registrar-servers.com","216.87.152.33|216.87.155.33","Master Indicator Feed for ramnit non-sinkholed domains","http://osint.bambenekconsulting.com/manual/ramnit.txt",782630602,0
"592","maxel.eu","194.150.113.18","ns2.dandomain.dk|ns3.dandomain.dk|ns.dandomain.dk","46.36.209.10|212.237.249.11","Master Indicator Feed for simda non-sinkholed domains","http://osint.bambenekconsulting.com/manual/simda.txt",3264639250,0
"771","xaxkfibcxit.top","35.225.160.245","ns1.dynadot.com|ns2.dynadot.com","52.26.28.15|52.34.35.173|52.35.76.183|52.36.53.176|52.71.195.14|52.72.130.79|52.72.200.98|52.73.101.236","Master Indicator Feed for vawtrak non-sinkholed domains","http://osint.bambenekconsulting.com/manual/vawtrak.txt",601989365,0
"398","ngbclncfxjdsmmribt.com","217.20.116.140","dns1.registrar-servers.com|dns2.registrar-servers.com","216.87.152.33|216.87.155.33","Master Indicator Feed for ramnit non-sinkholed domains","http://osint.bambenekconsulting.com/manual/ramnit.txt",3641996428,0
"110","yudemen.com","119.188.157.23","dns10.hichina.com|dns9.hichina.com","106.11.141.115|106.11.141.116|106.11.141.125|106.11.141.126|106.11.211.55|106.11.211.56|106.11.211.65|106.11.211.66|140.205.41.15|140.205.41.16|140.205.41.25|140.205.41.26|140.205.81.15|140.205.81.16|140.205.81.25|140.205.81.26","Master Indicator Feed for banjori non-sinkholed domains","http://osint.bambenekconsulting.com/manual/banjori.txt",2008849687,0
"455","tiqfgpaxvmhsxtk.com","35.224.11.86","ns1.dynadot.com|ns2.dynadot.com","52.26.28.15|52.34.35.173|52.35.76.183|52.36.53.176|52.71.195.14|52.72.130.79|52.72.200.98|52.73.101.236","Master Indicator Feed for ramnit non-sinkholed domains","http://osint.bambenekconsulting.com/manual/ramnit.txt",601885526,0
"261","gklvvkdsz.info","35.225.160.245","ns1.dynadot.com|ns2.dynadot.com","52.26.28.15|52.34.35.173|52.35.76.183|52.36.53.176|52.71.195.14|52.72.130.79|52.72.200.98|52.73.101.236","Master Indicator Feed for pykspa non-sinkholed domains","http://osint.bambenekconsulting.com/manual/pykspa.txt",601989365,0
"589","masex.eu","93.90.146.101","ns01.servage.net|ns02.servage.net|ns03.servage.net|ns04.servage.net|ns05.servage.net","93.90.146.21|93.90.146.22|93.90.146.23|93.90.146.24|93.90.146.25","Master Indicator Feed for simda non-sinkholed domains","http://osint.bambenekconsulting.com/manual/simda.txt",1566216805,0
"368","jsttajpjtpqiu.com","217.20.116.135","dns1.registrar-servers.com|dns2.registrar-servers.com","216.87.152.33|216.87.155.33","Master Indicator Feed for ramnit non-sinkholed domains","http://osint.bambenekconsulting.com/manual/ramnit.txt",3641996423,0
"22","cyewmen.com","184.168.131.241","ns23.domaincontrol.com|ns24.domaincontrol.com","97.74.101.12|173.201.69.12","Master Indicator Feed for banjori non-sinkholed domains","http://osint.bambenekconsulting.com/manual/banjori.txt",3098051569,0
"667","brokenbeauty.net","184.168.131.241","ns31.domaincontrol.com|ns32.domaincontrol.com","97.74.105.16|173.201.73.16","Master Indicator Feed for suppobox non-sinkholed domains","http://osint.bambenekconsulting.com/manual/suppobox.txt",3098051569,0
"437","rbartdeguauwfnmuf.com","82.112.184.197","dns1.webdrive.ru|dns2.webdrive.ru","109.70.27.117|194.226.96.117","Master Indicator Feed for ramnit non-sinkholed domains","http://osint.bambenekconsulting.com/manual/ramnit.txt",1383119045,0
"732","kbfnilkoobyl.org","193.146.253.37","dns1.serv574985.servidoresdns.net|dns2.serv574985.servidoresdns.net","82.223.127.15|82.223.94.195","Master Indicator Feed for tinba non-sinkholed domains","http://osint.bambenekconsulting.com/manual/tinba.txt",3247635749,0
"520","foton.eu","92.43.203.171","ns1.mediacenter.hu|ns2.mediacenter.hu","91.82.58.102|92.43.203.5","Master Indicator Feed for simda non-sinkholed domains","http://osint.bambenekconsulting.com/manual/simda.txt",1546374059,0
"487","xnvxmdujhycgicmgso.com","72.52.179.175","ns1.dd216.parklogic.com|ns1.parklogic.com|ns2.dd216.parklogic.com|ns2.parklogic.com|ns3.parklogic.com|ns4.parklogic.com|ns5.parklogic.com","69.39.239.55|69.39.239.56|106.186.126.56|173.255.218.70|178.79.134.133","Master Indicator Feed for ramnit non-sinkholed domains","http://osint.bambenekconsulting.com/manual/ramnit.txt",1211413423,0
"478","wglxvkpybhnxhfv.com","46.165.221.154","dns1.registrar-servers.com|dns2.registrar-servers.com","216.87.152.33|216.87.155.33","Master Indicator Feed for ramnit non-sinkholed domains","http://osint.bambenekconsulting.com/manual/ramnit.txt",782622106,0
"558","lygysij.com","178.32.208.147","ns17.domaincontrol.com|ns18.domaincontrol.com","97.74.108.9|173.201.76.9","Master Indicator Feed for simda non-sinkholed domains","http://osint.bambenekconsulting.com/manual/simda.txt",2988494995,0
"17","cewomen.com","160.153.89.67","ns07.domaincontrol.com|ns08.domaincontrol.com","97.74.103.4|173.201.71.4","Master Indicator Feed for banjori non-sinkholed domains","http://osint.bambenekconsulting.com/manual/banjori.txt",2694404419,0
"296","anyaikyaeifcprlcrof.com","46.165.254.211","dns1.registrar-servers.com|dns2.registrar-servers.com","216.87.152.33|216.87.155.33","Master Indicator Feed for ramnit non-sinkholed domains","http://osint.bambenekconsulting.com/manual/ramnit.txt",782630611,0
"528","gadic.eu","194.242.61.31","ns1.dnsitalia.net|ns2.dnsitalia.net|nsct.dnsitalia.net|nsrm.dnsitalia.net","52.29.120.99|89.31.79.67|194.242.61.66|194.242.61.67","Master Indicator Feed for simda non-sinkholed domains","http://osint.bambenekconsulting.com/manual/simda.txt",3270655263,0
"311","cdrbbebvmrmvgig.com","217.20.116.139","dns1.registrar-servers.com|dns2.registrar-servers.com","216.87.152.33|216.87.155.33","Master Indicator Feed for ramnit non-sinkholed domains","http://osint.bambenekconsulting.com/manual/ramnit.txt",3641996427,0
"105","ygfamen.com","122.10.99.22|43.241.196.105","ns3.dns-diy.com|ns4.dns-diy.com","183.131.155.229|219.138.102.194","Master Indicator Feed for banjori non-sinkholed domains","http://osint.bambenekconsulting.com/manual/banjori.txt",0,0
"304","bbcfhohtwr.com","","ns1.dynadot.com|ns2.dynadot.com","52.26.28.15|52.34.35.173|52.35.76.183|52.36.53.176|52.71.195.14|52.72.130.79|52.72.200.98|52.73.101.236","Master Indicator Feed for ramnit non-sinkholed domains","http://osint.bambenekconsulting.com/manual/ramnit.txt",0,0
"365","jhghrlufoh.com","46.165.229.164","dns1.registrar-servers.com|dns2.registrar-servers.com","216.87.152.33|216.87.155.33","Master Indicator Feed for ramnit non-sinkholed domains","http://osint.bambenekconsulting.com/manual/ramnit.txt",782624164,0
"227","wbckbvnfy.org","193.146.253.36","","","Master Indicator Feed for necurs non-sinkholed domains","http://osint.bambenekconsulting.com/manual/necurs.txt",3247635748,0
"213","nfmuikqalpaxgrj.com","67.119.101.87","nsgbr.comlaude.co.uk|nssui.comlaude.ch|nsusa.comlaude.net","64.147.99.10|193.193.167.97|212.95.244.211","Master Indicator Feed for necurs non-sinkholed domains","http://osint.bambenekconsulting.com/manual/necurs.txt",1131898199,0
"90","thecmen.com","83.137.194.79","ns1.hosting2go.nl|ns2.hosting2go.nl","83.137.192.136|217.170.1.249","Master Indicator Feed for banjori non-sinkholed domains","http://osint.bambenekconsulting.com/manual/banjori.txt",1401537103,0
"272","qkobvsdsholapet.com","198.54.117.197|198.54.117.198|198.54.117.199|198.54.117.200","dns101.registrar-servers.com|dns102.registrar-servers.com","198.54.117.253|198.54.117.254","Master Indicator Feed for pykspa non-sinkholed domains","http://osint.bambenekconsulting.com/manual/pykspa.txt",0,0
"384","lrqxvrqsihwtudox.com","82.112.184.197","dns1.webdrive.ru|dns2.webdrive.ru","109.70.27.117|194.226.96.117","Master Indicator Feed for ramnit non-sinkholed domains","http://osint.bambenekconsulting.com/manual/ramnit.txt",1383119045,0
"498","yvrktjohnvdb.com","82.112.184.197","dns1.webdrive.ru|dns2.webdrive.ru","109.70.27.117|194.226.96.117","Master Indicator Feed for ramnit non-sinkholed domains","http://osint.bambenekconsulting.com/manual/ramnit.txt",1383119045,0
"145","cdggua.yi.org","67.59.157.51","","","Master Indicator Feed for kraken non-sinkholed domains","http://osint.bambenekconsulting.com/manual/kraken.txt",1127980339,0
"297","anypbvojndegpnm.com","46.165.220.143","dns1.registrar-servers.com|dns2.registrar-servers.com","216.87.152.33|216.87.155.33","Master Indicator Feed for ramnit non-sinkholed domains","http://osint.bambenekconsulting.com/manual/ramnit.txt",782621839,0
"440","riaaiysk.com","206.189.61.126","ns1.dynadot.com|ns2.dynadot.com","52.26.28.15|52.34.35.173|52.35.76.183|52.36.53.176|52.71.195.14|52.72.130.79|52.72.200.98|52.73.101.236","Master Indicator Feed for ramnit non-sinkholed domains","http://osint.bambenekconsulting.com/manual/ramnit.txt",3468508542,0
"85","souemen.com","198.54.117.197|198.54.117.198|198.54.117.199|198.54.117.200","dns101.registrar-servers.com|dns102.registrar-servers.com","198.54.117.253|198.54.117.254","Master Indicator Feed for banjori non-sinkholed domains","http://osint.bambenekconsulting.com/manual/banjori.txt",0,0
"744","fiduhwomde.top","173.231.184.52","ns1.fiduhwomde.top|ns2.fiduhwomde.top|ns3.fiduhwomde.top|ns4.fiduhwomde.top","34.229.84.179|34.230.76.81|54.227.204.233|184.73.137.229","Master Indicator Feed for vawtrak non-sinkholed domains","http://osint.bambenekconsulting.com/manual/vawtrak.txt",2917644340,0
"270","miaooo.com","195.110.124.133","ns1.register.it|ns2.register.it","195.110.124.140|195.7.227.1","Master Indicator Feed for pykspa non-sinkholed domains","http://osint.bambenekconsulting.com/manual/pykspa.txt",3278797957,0
"717","wellinto.net","198.54.117.197|198.54.117.198|198.54.117.199|198.54.117.200","dns101.registrar-servers.com|dns102.registrar-servers.com","198.54.117.253|198.54.117.254","Master Indicator Feed for suppobox non-sinkholed domains","http://osint.bambenekconsulting.com/manual/suppobox.txt",0,0
"485","xfdshaqjbfguhlcwnl.com","217.20.116.143","dns1.registrar-servers.com|dns2.registrar-servers.com","216.87.152.33|216.87.155.33","Master Indicator Feed for ramnit non-sinkholed domains","http://osint.bambenekconsulting.com/manual/ramnit.txt",3641996431,0
"262","ivqvrodsholapet.com","198.54.117.197|198.54.117.198|198.54.117.199|198.54.117.200","dns101.registrar-servers.com|dns102.registrar-servers.com","198.54.117.253|198.54.117.254","Master Indicator Feed for pykspa non-sinkholed domains","http://osint.bambenekconsulting.com/manual/pykspa.txt",0,0
"522","fotos.eu","85.236.47.218","ns1.day.biz|ns2.day.biz","","Master Indicator Feed for simda non-sinkholed domains","http://osint.bambenekconsulting.com/manual/simda.txt",1441542106,0
"203","gytbqkjkemydn.pw","105.181.175.2","dns1.registrar-servers.com|dns2.registrar-servers.com","216.87.152.33|216.87.155.33","Master Indicator Feed for necurs non-sinkholed domains","http://osint.bambenekconsulting.com/manual/necurs.txt",1773514498,0
"197","dhvwmyp.pw","106.93.174.196","dns1.registrar-servers.com|dns2.registrar-servers.com","216.87.152.33|216.87.155.33","Master Indicator Feed for necurs non-sinkholed domains","http://osint.bambenekconsulting.com/manual/necurs.txt",1784524484,0
"141","adhbtib.yi.org","207.10.232.16","","","Master Indicator Feed for kraken non-sinkholed domains","http://osint.bambenekconsulting.com/manual/kraken.txt",3473598480,0
"741","dejapknoh.top","35.225.160.245","ns1.dynadot.com|ns2.dynadot.com","52.26.28.15|52.34.35.173|52.35.76.183|52.36.53.176|52.71.195.14|52.72.130.79|52.72.200.98|52.73.101.236","Master Indicator Feed for vawtrak non-sinkholed domains","http://osint.bambenekconsulting.com/manual/vawtrak.txt",601989365,0
"116","dagtsejrmgs8d.com","173.231.184.57","ns1.dagtsejrmgs8d.com|ns2.dagtsejrmgs8d.com|ns3.dagtsejrmgs8d.com|ns4.dagtsejrmgs8d.com","34.229.84.179|34.230.76.81|54.227.204.233|184.73.137.229","Master Indicator Feed for bedep non-sinkholed domains","http://osint.bambenekconsulting.com/manual/bedep.txt",2917644345,0
"144","bpdyttrlp.yi.org","64.21.149.167","","","Master Indicator Feed for kraken non-sinkholed domains","http://osint.bambenekconsulting.com/manual/kraken.txt",1075156391,0
"655","mjawntiwmtka.info","35.225.160.245","ns1.dynadot.com|ns2.dynadot.com","52.26.28.15|52.34.35.173|52.35.76.183|52.36.53.176|52.71.195.14|52.72.130.79|52.72.200.98|52.73.101.236","Master Indicator Feed for sisron non-sinkholed domains","http://osint.bambenekconsulting.com/manual/sisron.txt",601989365,0
"770","wnwjibytov.top","35.187.36.248","ns1.holedge.com|ns2.holedge.com","35.187.36.248","Master Indicator Feed for vawtrak non-sinkholed domains","http://osint.bambenekconsulting.com/manual/vawtrak.txt",599467256,599467256
"722","wellwide.net","203.146.26.102","ns1.ntkanit.com|ns2.ntkanit.com","203.146.26.102","Master Indicator Feed for suppobox non-sinkholed domains","http://osint.bambenekconsulting.com/manual/suppobox.txt",3415349862,3415349862
"546","gatyhub.com","146.148.34.125","a.exam-ple.com|b.exam-ple.com","146.148.34.125","Master Indicator Feed for simda non-sinkholed domains","http://osint.bambenekconsulting.com/manual/simda.txt",2459181693,2459181693
"556","lygus.eu","79.98.25.1","ns1.serveriai.lt|ns2.serveriai.lt|ns3.serveriai.lt|ns4.serveriai.lt","79.98.25.142|79.98.29.142|162.159.24.19|162.159.25.253","Master Indicator Feed for simda non-sinkholed domains","http://osint.bambenekconsulting.com/manual/simda.txt",1331828993,0
"674","callkiss.net","216.21.224.199","dns010.d.register.com|dns016.a.register.com|dns091.c.register.com|dns210.b.register.com","216.21.231.16|216.21.232.210|216.21.235.91|216.21.236.10","Master Indicator Feed for suppobox non-sinkholed domains","http://osint.bambenekconsulting.com/manual/suppobox.txt",3625312455,0
"506","bozet.eu","77.111.240.32","ns01.one.com|ns02.one.com","195.206.121.10|195.206.121.138","Master Indicator Feed for simda non-sinkholed domains","http://osint.bambenekconsulting.com/manual/simda.txt",1299181600,0
"392","mpaykojqbmuvdvqk.bid","46.165.220.146","dns1.registrar-servers.com|dns2.registrar-servers.com","216.87.152.33|216.87.155.33","Master Indicator Feed for ramnit non-sinkholed domains","http://osint.bambenekconsulting.com/manual/ramnit.txt",782621842,0
"19","citumen.com","178.22.59.66","ns0.transip.net|ns1.transip.nl|ns2.transip.eu","37.97.199.195|195.135.195.195|195.8.195.195","Master Indicator Feed for banjori non-sinkholed domains","http://osint.bambenekconsulting.com/manual/banjori.txt",2987801410,0
"739","chgbqnefqf.top","35.187.36.248","ns1.holedge.com|ns2.holedge.com","35.187.36.248","Master Indicator Feed for vawtrak non-sinkholed domains","http://osint.bambenekconsulting.com/manual/vawtrak.txt",599467256,599467256
"245","appleforest.net","183.111.199.188","ns1.cafe24.co.kr|ns1.cafe24.com|ns2.cafe24.co.kr|ns2.cafe24.com","1.226.85.4|1.234.0.4|112.175.11.4|112.175.12.4|112.175.246.230|112.175.246.231|112.175.246.232|112.175.246.233|112.175.247.232|112.175.247.233|116.126.143.242|175.125.93.134|175.125.93.135|175.125.93.136|175.125.93.137|175.125.93.146|175.125.93.147","Master Indicator Feed for pizd non-sinkholed domains","http://osint.bambenekconsulting.com/manual/pizd.txt",3077556156,0
"773","cpfppdtss.com","35.225.160.245","ns1.dynadot.com|ns2.dynadot.com","52.26.28.15|52.34.35.173|52.35.76.183|52.36.53.176|52.71.195.14|52.72.130.79|52.72.200.98|52.73.101.236","Master Indicator Feed for vidro non-sinkholed domains","http://osint.bambenekconsulting.com/manual/vidro.txt",601989365,0
"386","lwqmgevnftflytvbgs.com","46.165.254.198","dns1.registrar-servers.com|dns2.registrar-servers.com","216.87.152.33|216.87.155.33","Master Indicator Feed for ramnit non-sinkholed domains","http://osint.bambenekconsulting.com/manual/ramnit.txt",782630598,0
"742","esurgetd.com","173.231.184.57","ns1.esurgetd.com|ns2.esurgetd.com|ns3.esurgetd.com|ns4.esurgetd.com","34.229.84.179|34.230.76.81|54.227.204.233|184.73.137.229","Master Indicator Feed for vawtrak non-sinkholed domains","http://osint.bambenekconsulting.com/manual/vawtrak.txt",2917644345,0
"82","sobamen.com","202.181.97.76","","","Master Indicator Feed for banjori non-sinkholed domains","http://osint.bambenekconsulting.com/manual/banjori.txt",3400884556,0
"411","oihkldembdailah.com","217.20.116.149","dns1.registrar-servers.com|dns2.registrar-servers.com","216.87.152.33|216.87.155.33","Master Indicator Feed for ramnit non-sinkholed domains","http://osint.bambenekconsulting.com/manual/ramnit.txt",3641996437,0
"215","odtfhtwpigttgnltnxwsg.com","64.47.219.145","nsgbr.comlaude.co.uk|nssui.comlaude.ch|nsusa.comlaude.net","64.147.99.10|193.193.167.97|212.95.244.211","Master Indicator Feed for necurs non-sinkholed domains","http://osint.bambenekconsulting.com/manual/necurs.txt",1076878225,0
"402","ntmhavejb.com","46.165.220.151","dns1.registrar-servers.com|dns2.registrar-servers.com","216.87.152.33|216.87.155.33","Master Indicator Feed for ramnit non-sinkholed domains","http://osint.bambenekconsulting.com/manual/ramnit.txt",782621847,0
"424","pyysfwak.com","217.20.116.133","dns1.registrar-servers.com|dns2.registrar-servers.com","216.87.152.33|216.87.155.33","Master Indicator Feed for ramnit non-sinkholed domains","http://osint.bambenekconsulting.com/manual/ramnit.txt",3641996421,0
"383","lkmkkblchefeibicfjl.com","217.20.116.134","dns1.registrar-servers.com|dns2.registrar-servers.com","216.87.152.33|216.87.155.33","Master Indicator Feed for ramnit non-sinkholed domains","http://osint.bambenekconsulting.com/manual/ramnit.txt",3641996422,0
"46","jjfamen.com","154.212.156.250","jm1.dns.com|jm2.dns.com","121.14.154.246|121.14.154.247|121.14.154.248|121.14.154.249|218.98.111.214|218.98.111.215|218.98.111.216|218.98.111.217","Master Indicator Feed for banjori non-sinkholed domains","http://osint.bambenekconsulting.com/manual/banjori.txt",2597625082,0
"59","lvsemen.com","219.235.5.224","f1g1ns1.dnspod.net|f1g1ns2.dnspod.net","14.215.150.17|14.215.155.156|14.215.155.170|14.215.155.203|58.247.212.119|58.247.212.36|58.247.212.48|61.129.8.159|61.151.180.44|101.226.220.16|111.161.57.77|111.161.57.81|180.163.19.15|182.140.167.166|182.140.167.188|183.192.201.90","Master Indicator Feed for banjori non-sinkholed domains","http://osint.bambenekconsulting.com/manual/banjori.txt",3689612768,0
"66","myramen.com","","dns1.onamae.com|dns2.onamae.com","163.44.76.136|163.44.76.150","Master Indicator Feed for banjori non-sinkholed domains","http://osint.bambenekconsulting.com/manual/banjori.txt",0,0
"188","xwgimrbafitugdgexgstotr.biz","","ns1.dynadot.com|ns2.dynadot.com","52.26.28.15|52.34.35.173|52.35.76.183|52.36.53.176|52.71.195.14|52.72.130.79|52.72.200.98|52.73.101.236","Master Indicator Feed for murofet non-sinkholed domains","http://osint.bambenekconsulting.com/manual/murofet.txt",0,0
"676","callstart.net","5.135.9.1","ns1.cloud.filnet.net|ns2.cloud.filnet.net","217.25.185.3|217.25.185.6","Master Indicator Feed for suppobox non-sinkholed domains","http://osint.bambenekconsulting.com/manual/suppobox.txt",92735745,0
"112","zdwomen.com","203.156.192.80","ns1.cnolnic.com|ns2.cnolnic.com","59.151.19.232|218.5.74.244|218.5.79.117|218.5.79.98","Master Indicator Feed for banjori non-sinkholed domains","http://osint.bambenekconsulting.com/manual/banjori.txt",3416047696,0
"564","lysen.eu","89.31.143.1","ns.udag.de|ns.udag.net|ns.udag.org","89.31.141.10|185.61.8.10|185.61.8.11","Master Indicator Feed for simda non-sinkholed domains","http://osint.bambenekconsulting.com/manual/simda.txt",1495240449,0
"599","naril.eu","185.149.84.23","ns1.rscdn1.com|ns2.rscdn1.com","185.149.86.242|185.149.87.33","Master Indicator Feed for simda non-sinkholed domains","http://osint.bambenekconsulting.com/manual/simda.txt",3113571351,0
"648","vowygem.com","23.80.37.57","ns1.dnspai.com|ns2.dnspai.com","119.188.68.8|120.52.19.252|120.52.19.253|180.163.194.250","Master Indicator Feed for simda non-sinkholed domains","http://osint.bambenekconsulting.com/manual/simda.txt",391128377,0
"240","ukzdbuemojhyztinvcdejekrjbx.org","173.231.184.57","ns1.ukzdbuemojhyztinvcdejekrjbx.org|ns2.ukzdbuemojhyztinvcdejekrjbx.org|ns3.ukzdbuemojhyztinvcdejekrjbx.org|ns4.ukzdbuemojhyztinvcdejekrjbx.org","34.229.84.179|34.230.76.81|54.227.204.233|184.73.137.229","Master Indicator Feed for p2pgoz non-sinkholed domains","http://osint.bambenekconsulting.com/manual/p2pgoz.txt",2917644345,0
"650","zugen.eu","217.160.0.239","ns1016.ui-dns.biz|ns1030.ui-dns.com|ns1041.ui-dns.org|ns1076.ui-dns.de","217.160.80.76|217.160.81.16|217.160.82.30|217.160.83.41","Master Indicator Feed for simda non-sinkholed domains","http://osint.bambenekconsulting.com/manual/simda.txt",3651141871,0
"241","xwgimrbafitugdgexgstotr.biz","","ns1.dynadot.com|ns2.dynadot.com","52.26.28.15|52.34.35.173|52.35.76.183|52.36.53.176|52.71.195.14|52.72.130.79|52.72.200.98|52.73.101.236","Master Indicator Feed for p2pgoz non-sinkholed domains","http://osint.bambenekconsulting.com/manual/p2pgoz.txt",0,0
"690","leadstart.net","18.213.250.117|18.215.128.143|52.4.209.250","ns1.dynadot.com|ns2.dynadot.com","52.26.28.15|52.34.35.173|52.35.76.183|52.36.53.176|52.71.195.14|52.72.130.79|52.72.200.98|52.73.101.236","Master Indicator Feed for suppobox non-sinkholed domains","http://osint.bambenekconsulting.com/manual/suppobox.txt",0,0
"117","dxrcuesykyrmst.com","173.231.184.57","ns1.dxrcuesykyrmst.com|ns2.dxrcuesykyrmst.com|ns3.dxrcuesykyrmst.com|ns4.dxrcuesykyrmst.com","34.229.84.179|34.230.76.81|54.227.204.233|184.73.137.229","Master Indicator Feed for bedep non-sinkholed domains","http://osint.bambenekconsulting.com/manual/bedep.txt",2917644345,0
"611","pupybul.com","180.215.207.110","jm1.dns.com|jm2.dns.com","121.14.154.246|121.14.154.247|121.14.154.248|121.14.154.249|218.98.111.214|218.98.111.215|218.98.111.216|218.98.111.217","Master Indicator Feed for simda non-sinkholed domains","http://osint.bambenekconsulting.com/manual/simda.txt",3034042222,0
"737","canofdohwu.com","64.95.103.180","ns1.canofdohwu.com|ns2.canofdohwu.com|ns3.canofdohwu.com|ns4.canofdohwu.com","34.229.84.179|34.230.76.81|54.227.204.233|184.73.137.229","Master Indicator Feed for vawtrak non-sinkholed domains","http://osint.bambenekconsulting.com/manual/vawtrak.txt",1079994292,0
"99","webumen.com","196.22.132.17","ns1.dns-h.com|ns1.host-h.net|ns2.host-h.net","129.232.248.30|129.232.248.40","Master Indicator Feed for banjori non-sinkholed domains","http://osint.bambenekconsulting.com/manual/banjori.txt",3289809937,0
"109","yokumen.com","67.229.184.183","ns1.dnspai.com|ns2.dnspai.com","119.188.68.8|120.52.19.252|120.52.19.253|180.163.194.250","Master Indicator Feed for banjori non-sinkholed domains","http://osint.bambenekconsulting.com/manual/banjori.txt",1139128503,0
"9","bjadmen.com","134.73.61.187","ns1.dnsowl.com|ns2.dnsowl.com|ns3.dnsowl.com","45.32.237.128|45.63.106.63|45.63.5.234|64.32.22.100|104.207.141.138|168.235.75.52|185.34.216.159|198.251.84.16|209.141.39.150","Master Indicator Feed for banjori non-sinkholed domains","http://osint.bambenekconsulting.com/manual/banjori.txt",2252946875,0
"477","vrndmdrdrjoff.com","206.189.61.126","ns1.dynadot.com|ns2.dynadot.com","52.26.28.15|52.34.35.173|52.35.76.183|52.36.53.176|52.71.195.14|52.72.130.79|52.72.200.98|52.73.101.236","Master Indicator Feed for ramnit non-sinkholed domains","http://osint.bambenekconsulting.com/manual/ramnit.txt",3468508542,0
"444","rrmlyaviljwuoph.com","35.224.11.86","ns1.dynadot.com|ns2.dynadot.com","52.26.28.15|52.34.35.173|52.35.76.183|52.36.53.176|52.71.195.14|52.72.130.79|52.72.200.98|52.73.101.236","Master Indicator Feed for ramnit non-sinkholed domains","http://osint.bambenekconsulting.com/manual/ramnit.txt",601885526,0
"531","gahyraw.com","5.79.79.211","ns1.tacomadc.com|ns2.tacomadc.com","5.79.65.65|108.59.12.92","Master Indicator Feed for simda non-sinkholed domains","http://osint.bambenekconsulting.com/manual/simda.txt",89083859,0
"540","galor.eu","62.129.200.14","dns2.home.pl|dns3.home.pl|dns.home.pl","46.242.149.10|46.242.149.11|46.242.149.20|46.242.149.21|46.242.149.30|46.242.149.31","Master Indicator Feed for simda non-sinkholed domains","http://osint.bambenekconsulting.com/manual/simda.txt",1048692750,0
"293","akkqttli.eu","217.20.116.150","dns1.registrar-servers.com|dns2.registrar-servers.com","216.87.152.33|216.87.155.33","Master Indicator Feed for ramnit non-sinkholed domains","http://osint.bambenekconsulting.com/manual/ramnit.txt",3641996438,0
"432","qoaaxkcvvuumrkeivr.com","217.20.116.129","dns1.registrar-servers.com|dns2.registrar-servers.com","216.87.152.33|216.87.155.33","Master Indicator Feed for ramnit non-sinkholed domains","http://osint.bambenekconsulting.com/manual/ramnit.txt",3641996417,0
"661","mtiwntiwmtka.info","35.225.160.245","ns1.dynadot.com|ns2.dynadot.com","52.26.28.15|52.34.35.173|52.35.76.183|52.36.53.176|52.71.195.14|52.72.130.79|52.72.200.98|52.73.101.236","Master Indicator Feed for sisron non-sinkholed domains","http://osint.bambenekconsulting.com/manual/sisron.txt",601989365,0
"503","bovet.eu","82.64.11.138","nsa.bookmyname.com|nsb.bookmyname.com|nsc.bookmyname.com","62.210.98.15|88.191.249.135|88.191.250.14","Master Indicator Feed for simda non-sinkholed domains","http://osint.bambenekconsulting.com/manual/simda.txt",1379928970,0
"37","gudemen.com","180.153.100.94","dns25.hichina.com|dns26.hichina.com","106.11.141.119|106.11.141.120|106.11.141.129|106.11.141.130|106.11.211.59|106.11.211.60|106.11.211.69|106.11.211.70|140.205.41.19|140.205.41.20|140.205.41.29|140.205.41.30|140.205.81.19|140.205.81.20|140.205.81.29|140.205.81.30","Master Indicator Feed for banjori non-sinkholed domains","http://osint.bambenekconsulting.com/manual/banjori.txt",3029951582,0
"152","hntkfnrgrcs.com","35.170.58.11","ns-1199.awsdns-21.org|ns-1669.awsdns-16.co.uk|ns-170.awsdns-21.com|ns-887.awsdns-46.net","205.251.192.170|205.251.195.119|205.251.196.175|205.251.198.133","Master Indicator Feed for kraken non-sinkholed domains","http://osint.bambenekconsulting.com/manual/kraken.txt",598358539,0
"430","qislvfqqp.com","46.165.220.145","dns1.registrar-servers.com|dns2.registrar-servers.com","216.87.152.33|216.87.155.33","Master Indicator Feed for ramnit non-sinkholed domains","http://osint.bambenekconsulting.com/manual/ramnit.txt",782621841,0
"728","sxilgdils.com","173.231.184.52","ns1.sxilgdils.com|ns2.sxilgdils.com|ns3.sxilgdils.com|ns4.sxilgdils.com","34.229.84.179|34.230.76.81|54.227.204.233|184.73.137.229","Master Indicator Feed for tempedreve non-sinkholed domains","http://osint.bambenekconsulting.com/manual/tempedreve.txt",2917644340,0
"108","ykximen.com","154.221.45.196","juming.dnsdun.com|juming.dnsdun.net|v1.dnsdun.com|v1.dnsdun.net","37.221.175.74|47.96.179.127|116.1.237.119|122.228.80.247|172.247.255.190","Master Indicator Feed for banjori non-sinkholed domains","http://osint.bambenekconsulting.com/manual/banjori.txt",2598186436,0
"573","makel.eu","52.58.78.16","a.gpk.eu|b.gpk.eu|c.gpk.eu","52.56.106.100|159.65.193.223|206.189.57.51","Master Indicator Feed for simda non-sinkholed domains","http://osint.bambenekconsulting.com/manual/simda.txt",876236304,0
"127","rjnxoxcqtcehqkz.com","173.231.184.57","ns1.rjnxoxcqtcehqkz.com|ns2.rjnxoxcqtcehqkz.com|ns3.rjnxoxcqtcehqkz.com|ns4.rjnxoxcqtcehqkz.com","34.229.84.179|34.230.76.81|54.227.204.233|184.73.137.229","Master Indicator Feed for bedep non-sinkholed domains","http://osint.bambenekconsulting.com/manual/bedep.txt",2917644345,0
"201","eyiyfxbngdkg.com","71.31.212.17","nsgbr.comlaude.co.uk|nssui.comlaude.ch|nsusa.comlaude.net","64.147.99.10|193.193.167.97|212.95.244.211","Master Indicator Feed for necurs non-sinkholed domains","http://osint.bambenekconsulting.com/manual/necurs.txt",1193268241,0
"544","gatic.eu","52.58.78.16","a.gpk.eu|b.gpk.eu|c.gpk.eu","52.56.106.100|159.65.193.223|206.189.57.51","Master Indicator Feed for simda non-sinkholed domains","http://osint.bambenekconsulting.com/manual/simda.txt",876236304,0
"199","ekoepqmydpqtctlepsmp.pw","225.50.165.253","ns1.ekoepqmydpqtctlepsmp.pw|ns2.ekoepqmydpqtctlepsmp.pw|ns3.ekoepqmydpqtctlepsmp.pw|ns4.ekoepqmydpqtctlepsmp.pw","225.50.165.253","Master Indicator Feed for necurs non-sinkholed domains","http://osint.bambenekconsulting.com/manual/necurs.txt",3778192893,3778192893
"699","prepareneighbor.net","198.54.117.197|198.54.117.198|198.54.117.199|198.54.117.200","dns101.registrar-servers.com|dns102.registrar-servers.com","198.54.117.253|198.54.117.254","Master Indicator Feed for suppobox non-sinkholed domains","http://osint.bambenekconsulting.com/manual/suppobox.txt",0,0
"55","kohomen.com","62.4.17.220","ns1018.ui-dns.org|ns1027.ui-dns.biz|ns1035.ui-dns.com|ns1113.ui-dns.de","217.160.80.113|217.160.81.27|217.160.82.35|217.160.83.18","Master Indicator Feed for banjori non-sinkholed domains","http://osint.bambenekconsulting.com/manual/banjori.txt",1040454108,0
"680","doctormarket.net","46.249.199.43","dns1.ntchosting.com|dns2.ntchosting.com|dns3.ntchosting.com|dns4.ntchosting.com","46.249.199.214|95.175.98.136|198.23.54.4|198.23.56.4","Master Indicator Feed for suppobox non-sinkholed domains","http://osint.bambenekconsulting.com/manual/suppobox.txt",788121387,0
"139","wvn5o449gi3ky45s8h135bahe.biz","","ns1.dynadot.com|ns2.dynadot.com","52.26.28.15|52.34.35.173|52.35.76.183|52.36.53.176|52.71.195.14|52.72.130.79|52.72.200.98|52.73.101.236","Master Indicator Feed for goz non-sinkholed domains","http://osint.bambenekconsulting.com/manual/goz.txt",0,0
"344","gwjfujeqgjrg.com","","dns1.registrar-servers.com|dns2.registrar-servers.com","216.87.152.33|216.87.155.33","Master Indicator Feed for ramnit non-sinkholed domains","http://osint.bambenekconsulting.com/manual/ramnit.txt",0,0
"343","gwdrhlnqfyujpcdl.com","178.32.208.147","dns18.ovh.net|ns18.ovh.net","213.251.128.138|213.251.188.138","Master Indicator Feed for ramnit non-sinkholed domains","http://osint.bambenekconsulting.com/manual/ramnit.txt",2988494995,0
"748","hqlorel.top","18.213.250.117|18.215.128.143|52.4.209.250","ns1.dynadot.com|ns2.dynadot.com","52.26.28.15|52.34.35.173|52.35.76.183|52.36.53.176|52.71.195.14|52.72.130.79|52.72.200.98|52.73.101.236","Master Indicator Feed for vawtrak non-sinkholed domains","http://osint.bambenekconsulting.com/manual/vawtrak.txt",0,0
"453","swkksblqrljvgpavqoj.com","217.20.116.151","dns1.registrar-servers.com|dns2.registrar-servers.com","216.87.152.33|216.87.155.33","Master Indicator Feed for ramnit non-sinkholed domains","http://osint.bambenekconsulting.com/manual/ramnit.txt",3641996439,0
"494","yfsxwvqbsnghyln.com","46.165.254.196","dns1.registrar-servers.com|dns2.registrar-servers.com","216.87.152.33|216.87.155.33","Master Indicator Feed for ramnit non-sinkholed domains","http://osint.bambenekconsulting.com/manual/ramnit.txt",782630596,0
"483","wxsssfvmqi.com","35.224.11.86","ns1.dynadot.com|ns2.dynadot.com","52.26.28.15|52.34.35.173|52.35.76.183|52.36.53.176|52.71.195.14|52.72.130.79|52.72.200.98|52.73.101.236","Master Indicator Feed for ramnit non-sinkholed domains","http://osint.bambenekconsulting.com/manual/ramnit.txt",601885526,0
"703","prettywhite.net","120.136.10.71","ns1.xserver.jp|ns2.xserver.jp|ns3.xserver.jp|ns4.xserver.jp|ns5.xserver.jp","157.112.182.218|157.112.182.220|157.112.182.221|157.112.182.225|183.90.224.226|183.90.224.230|210.188.201.246|210.188.201.247|219.94.200.164|219.94.200.170|219.94.200.246|219.94.200.247|219.94.203.247","Master Indicator Feed for suppobox non-sinkholed domains","http://osint.bambenekconsulting.com/manual/suppobox.txt",2022181447,0
"639","vocyzit.com","18.213.250.117|18.215.128.143|52.4.209.250","ns1.dynadot.com|ns2.dynadot.com","52.26.28.15|52.34.35.173|52.35.76.183|52.36.53.176|52.71.195.14|52.72.130.79|52.72.200.98|52.73.101.236","Master Indicator Feed for simda non-sinkholed domains","http://osint.bambenekconsulting.com/manual/simda.txt",0,0
"490","yblmyabknhn.com","35.224.11.86","ns1.dynadot.com|ns2.dynadot.com","52.26.28.15|52.34.35.173|52.35.76.183|52.36.53.176|52.71.195.14|52.72.130.79|52.72.200.98|52.73.101.236","Master Indicator Feed for ramnit non-sinkholed domains","http://osint.bambenekconsulting.com/manual/ramnit.txt",601885526,0
"764","sbexavqd.top","18.213.250.117|18.215.128.143|52.4.209.250","ns1.dynadot.com|ns2.dynadot.com","52.26.28.15|52.34.35.173|52.35.76.183|52.36.53.176|52.71.195.14|52.72.130.79|52.72.200.98|52.73.101.236","Master Indicator Feed for vawtrak non-sinkholed domains","http://osint.bambenekconsulting.com/manual/vawtrak.txt",0,0
"473","vliiflsilgr.com","18.213.250.117|18.215.128.143|52.4.209.250","ns1.dynadot.com|ns2.dynadot.com","52.26.28.15|52.34.35.173|52.35.76.183|52.36.53.176|52.71.195.14|52.72.130.79|52.72.200.98|52.73.101.236","Master Indicator Feed for ramnit non-sinkholed domains","http://osint.bambenekconsulting.com/manual/ramnit.txt",0,0
"48","jlsamen.com","198.23.48.104","dns1.supremedns.com|dns2.supremedns.com|dns3.supremedns.com|dns4.supremedns.com","46.249.199.214|95.175.98.136|162.210.102.140|198.23.56.4","Master Indicator Feed for banjori non-sinkholed domains","http://osint.bambenekconsulting.com/manual/banjori.txt",3323408488,0
"136","qzonyzjmb.com","35.225.160.245","ns1.dynadot.com|ns2.dynadot.com","52.26.28.15|52.34.35.173|52.35.76.183|52.36.53.176|52.71.195.14|52.72.130.79|52.72.200.98|52.73.101.236","Master Indicator Feed for dircrypt non-sinkholed domains","http://osint.bambenekconsulting.com/manual/dircrypt.txt",601989365,0
"176","zssdxcq.yi.org","143.215.15.199","","","Master Indicator Feed for kraken non-sinkholed domains","http://osint.bambenekconsulting.com/manual/kraken.txt",2413236167,0
"44","iseemen.com","208.73.210.202|208.73.210.217|208.73.211.165|208.73.211.177","ns1.dsredirection.com|ns2.dsredirection.com","208.73.208.73|208.73.208.74","Master Indicator Feed for banjori non-sinkholed domains","http://osint.bambenekconsulting.com/manual/banjori.txt",0,0
"406","nxrkmtdyjmnubs.com","46.165.254.194","dns1.registrar-servers.com|dns2.registrar-servers.com","216.87.152.33|216.87.155.33","Master Indicator Feed for ramnit non-sinkholed domains","http://osint.bambenekconsulting.com/manual/ramnit.txt",782630594,0
"571","mages.eu","52.58.78.16","a.gpk.eu|b.gpk.eu|c.gpk.eu","52.56.106.100|159.65.193.223|206.189.57.51","Master Indicator Feed for simda non-sinkholed domains","http://osint.bambenekconsulting.com/manual/simda.txt",876236304,0
"587","marusic.info","91.199.77.50","ns1.omonia.hr|ns2.omonia.hr","91.199.77.3|213.186.0.2","Master Indicator Feed for simda non-sinkholed domains","http://osint.bambenekconsulting.com/manual/simda.txt",1539788082,0
"518","foqus.eu","82.98.135.43","ns2.dinahosting.com|ns3.dinahosting.com|ns4.dinahosting.com|ns.dinahosting.com","72.29.96.10|82.98.128.132|82.98.128.196|93.89.82.218","Master Indicator Feed for simda non-sinkholed domains","http://osint.bambenekconsulting.com/manual/simda.txt",1382188843,0
"512","dogal.eu","185.114.108.15","mrddns001.misterdomain.eu|mrddns002.misterdomain.eu|mrddns003.misterdomain.eu|mrddns004.misterdomain.eu","185.114.108.240|185.114.108.241|217.194.3.135|217.194.3.136","Master Indicator Feed for simda non-sinkholed domains","http://osint.bambenekconsulting.com/manual/simda.txt",3111283727,0
"208","lcktyyyikjgkwjn.pw","110.253.27.35","dns1.registrar-servers.com|dns2.registrar-servers.com","216.87.152.33|216.87.155.33","Master Indicator Feed for necurs non-sinkholed domains","http://osint.bambenekconsulting.com/manual/necurs.txt",1862081315,0
"147","degaodd.com","208.91.197.46","sk.s5.ans1.ns148.ztomy.com|sk.s5.ans2.ns148.ztomy.com","199.79.61.46|208.91.197.46","Master Indicator Feed for kraken non-sinkholed domains","http://osint.bambenekconsulting.com/manual/kraken.txt",3495675182,0
"436","qynmkrfl.com","134.73.202.43","ns3.dnsdun.com|ns3.dnsdun.net","37.221.175.74|59.52.16.250|115.29.198.128|116.1.237.119|118.190.22.155|122.228.80.247|172.247.254.218|172.247.255.182|172.247.255.187","Master Indicator Feed for ramnit non-sinkholed domains","http://osint.bambenekconsulting.com/manual/ramnit.txt",2252982827,0
"475","vomfvkcwhcfvksq.com","46.165.254.212","dns1.registrar-servers.com|dns2.registrar-servers.com","216.87.152.33|216.87.155.33","Master Indicator Feed for ramnit non-sinkholed domains","http://osint.bambenekconsulting.com/manual/ramnit.txt",782630612,0
"750","iryrwxwt.top","35.187.36.248","ns1.holedge.com|ns2.holedge.com","35.187.36.248","Master Indicator Feed for vawtrak non-sinkholed domains","http://osint.bambenekconsulting.com/manual/vawtrak.txt",599467256,599467256
"151","gviailawmc.yi.org","209.160.65.66","","","Master Indicator Feed for kraken non-sinkholed domains","http://osint.bambenekconsulting.com/manual/kraken.txt",3516940610,0
"626","simet.eu","52.58.78.16","domain-for-sale.at|www.undeveloped.com----type.in|your-browser.this-domain.eu","52.57.167.10|138.68.142.118|142.93.233.228","Master Indicator Feed for simda non-sinkholed domains","http://osint.bambenekconsulting.com/manual/simda.txt",876236304,0
"536","galep.eu","195.110.124.188","ns1.register.it|ns2.register.it","195.110.124.140|195.7.227.1","Master Indicator Feed for simda non-sinkholed domains","http://osint.bambenekconsulting.com/manual/simda.txt",3278798012,0
"132","ns1.dnsfor10.com","204.11.56.48","ns1626.ztomy.com|ns2626.ztomy.com","204.11.56.26|204.11.57.26","Master Indicator Feed for beebone non-sinkholed domains","http://osint.bambenekconsulting.com/manual/beebone.txt",3423287344,0
"340","gherhfhofm.com","217.20.116.131","dns1.registrar-servers.com|dns2.registrar-servers.com","216.87.152.33|216.87.155.33","Master Indicator Feed for ramnit non-sinkholed domains","http://osint.bambenekconsulting.com/manual/ramnit.txt",3641996419,0
"165","muodaclf.yi.org","209.160.65.66","","","Master Indicator Feed for kraken non-sinkholed domains","http://osint.bambenekconsulting.com/manual/kraken.txt",3516940610,0
"24","cywomen.com","154.218.34.41","jm1.dns.com|jm2.dns.com","121.14.154.246|121.14.154.247|121.14.154.248|121.14.154.249|218.98.111.214|218.98.111.215|218.98.111.216|218.98.111.217","Master Indicator Feed for banjori non-sinkholed domains","http://osint.bambenekconsulting.com/manual/banjori.txt",2597986857,0
"705","queenfire.net","180.149.240.236","gina.ns.cloudflare.com|hans.ns.cloudflare.com","173.245.58.117|173.245.59.175","Master Indicator Feed for suppobox non-sinkholed domains","http://osint.bambenekconsulting.com/manual/suppobox.txt",3029725420,0
"751","janmpgf.top","35.187.36.248","ns1.holedge.com|ns2.holedge.com","35.187.36.248","Master Indicator Feed for vawtrak non-sinkholed domains","http://osint.bambenekconsulting.com/manual/vawtrak.txt",599467256,599467256
"190","bdgvskyxk.com","66.103.56.119","nsgbr.comlaude.co.uk|nssui.comlaude.ch|nsusa.comlaude.net","64.147.99.10|193.193.167.97|212.95.244.211","Master Indicator Feed for necurs non-sinkholed domains","http://osint.bambenekconsulting.com/manual/necurs.txt",1114060919,0
"74","qavemen.com","217.26.63.20","ns2.hostpoint.ch|ns3.hostpoint.ch|ns.hostpoint.ch","217.26.48.126|217.26.51.254|217.26.53.254","Master Indicator Feed for banjori non-sinkholed domains","http://osint.bambenekconsulting.com/manual/banjori.txt",3642375956,0
"180","nhxgceko.xyz","35.225.160.245","ns1.dynadot.com|ns2.dynadot.com","52.26.28.15|52.34.35.173|52.35.76.183|52.36.53.176|52.71.195.14|52.72.130.79|52.72.200.98|52.73.101.236","Master Indicator Feed for locky non-sinkholed domains","http://osint.bambenekconsulting.com/manual/locky.txt",601989365,0
